File,Variable,LongDescription,ShortDescription,count,mean,std,min,25%,50%,75%,max
DP02,HC01_VC03,Estimate; HOUSEHOLDS BY TYPE - Total households,TotalHH,820.0,122224.10609756097,203544.2798897601,20018.0,36423.75,59114.5,123868.5,3305589.0
DP02,HC03_VC04,Percent; HOUSEHOLDS BY TYPE - Total households - Family households (families),FamilyHH,820.0,66.02646341463416,6.289716372288731,42.1,62.27499999999999,66.0,70.025,82.8
DP02,HC03_VC17,Percent; HOUSEHOLDS BY TYPE - Households with one or more people under 18 years,HHWithUnder18,820.0,30.88475609756101,5.736171400298407,6.0,27.3,30.5,34.1,51.8
DP02,HC03_VC18,Percent; HOUSEHOLDS BY TYPE - Households with one or more people 65 years and over,HHWith65Plus,820.0,29.227560975609734,6.013342625045735,15.6,25.475,28.9,32.0,78.8
DP02,HC01_VC21,Estimate; HOUSEHOLDS BY TYPE - Average household size,AvgHHSize,820.0,2.613548780487804,0.24058022315104116,2.12,2.44,2.575,2.73,3.82
DP02,HC03_VC77,"Percent; SCHOOL ENROLLMENT - Population 3 years and over enrolled in school - Nursery school, preschool",EnrollmentPreK,820.0,5.809512195121946,1.6312447605174287,0.9,4.8,5.8,6.8,12.5
DP02,HC03_VC78,Percent; SCHOOL ENROLLMENT - Population 3 years and over enrolled in school - Kindergarten,EnrollmentK,820.0,4.945975609756099,1.4359235134228863,1.0,4.1,4.9,5.7,12.8
DP02,HC03_VC79,Percent; SCHOOL ENROLLMENT - Population 3 years and over enrolled in school - Elementary school (grades 1-8),EnrollmentElem,820.0,40.62109756097561,6.294103003258105,14.7,37.975,41.5,44.7,56.5
DP02,HC03_VC80,Percent; SCHOOL ENROLLMENT - Population 3 years and over enrolled in school - High school (grades 9-12),EnrollmentHS,820.0,21.26682926829268,3.9853697273110047,6.1,19.4,21.6,23.7,34.0
DP02,HC03_VC81,Percent; SCHOOL ENROLLMENT - Population 3 years and over enrolled in school - College or graduate school,EnrollmentCollege,820.0,27.35829268292686,10.39961453273604,9.3,20.775000000000002,25.15,30.325000000000003,73.6
DP02,HC03_VC86,Percent; EDUCATIONAL ATTAINMENT - Population 25 years and over - Less than 9th grade,EduElem,820.0,4.2285365853658465,2.895723815390772,0.4,2.4,3.5,5.125,21.4
DP02,HC03_VC87,"Percent; EDUCATIONAL ATTAINMENT - Population 25 years and over - 9th to 12th grade, no diploma",EduPartialHS,820.0,7.123414634146332,2.802399643072446,0.9,5.1,6.8,8.8,17.0
DP02,HC03_VC88,Percent; EDUCATIONAL ATTAINMENT - Population 25 years and over - High school graduate (includes equivalency),EduHS,820.0,28.846951219512167,6.857497913151357,9.2,24.2,29.0,33.1,50.2
DP02,HC03_VC89,"Percent; EDUCATIONAL ATTAINMENT - Population 25 years and over - Some college, no degree",EduSomeCollege,820.0,21.60256097560977,3.9144085333542553,7.7,19.1,21.7,24.1,34.7
DP02,HC03_VC90,Percent; EDUCATIONAL ATTAINMENT - Population 25 years and over - Associate's degree,EduAssociate,820.0,8.941585365853646,2.1243147107389158,2.8,7.5,8.8,10.3,16.5
DP02,HC03_VC91,Percent; EDUCATIONAL ATTAINMENT - Population 25 years and over - Bachelor's degree,EduBachelors,820.0,18.13780487804878,5.878990142030014,5.2,13.6,17.5,21.8,37.0
DP02,HC03_VC92,Percent; EDUCATIONAL ATTAINMENT - Population 25 years and over - Graduate or professional degree,EduGraduate,820.0,11.122195121951217,5.197467690061323,2.2,7.4,10.1,13.4,40.4
DP02,HC03_VC101,Percent; VETERAN STATUS - Civilian population 18 years and over - Civilian veterans,PopVetStatus,820.0,8.654146341463424,3.0635268012659047,1.7,6.8,8.2,10.0,22.3
DP02,HC03_VC106,Percent; DISABILITY STATUS OF THE CIVILIAN NONINSTITUTIONALIZED POPULATION - Total Civilian Noninstitutionalized Population - With a disability,PopDisabledStatus,820.0,13.646219512195144,3.3882289740469402,5.5,11.2,13.5,15.6,26.1
DP02,HC03_VC121,Percent; RESIDENCE 1 YEAR AGO - Population 1 year and over - Different house in the U.S.,ResidenceDiffUS,820.0,14.740853658536583,4.298067459424286,5.3,11.8,14.2,17.1,32.6
DP02,HC03_VC126,Percent; RESIDENCE 1 YEAR AGO - Population 1 year and over - Abroad,ResidenceDiffAbroad,820.0,0.5515853658536588,0.5069335366006,0.0,0.2,0.4,0.8,3.7
DP02,HC03_VC132,Percent; PLACE OF BIRTH - Total population - Native - Born in United States,BornNativeUS,820.0,90.46292682926827,7.8696549374599885,43.3,88.1,93.0,95.8,99.5
DP02,HC03_VC136,Percent; PLACE OF BIRTH - Total population - Foreign born,BornAbroad,820.0,8.194634146341471,7.336395996345488,0.3,3.5,5.8,10.025,53.8
DP02,HC03_VC171,Percent; LANGUAGE SPOKEN AT HOME - Population 5 years and over - English only,LanguageEnglishOnly,739.0,85.15155615696888,12.820057842164733,10.8,82.2,89.7,93.4,98.0
DP02,HC03_VC174,Percent; LANGUAGE SPOKEN AT HOME - Population 5 years and over - Spanish,LanguageSpanish,395.0,11.596202531645567,11.70677970777572,0.8,4.0,7.5,15.95,83.1
DP02,HC03_VC178,Percent; LANGUAGE SPOKEN AT HOME - Population 5 years and over - Asian and Pacific Islander languages,LanguageAsian,395.0,3.15721518987342,3.4566301100255408,0.2,1.3,2.1,3.5,25.2
DP02,HC03_VC180,Percent; LANGUAGE SPOKEN AT HOME - Population 5 years and over - Other languages,LanguageOther,395.0,1.336708860759493,3.255700865510023,0.0,0.4,0.7,1.4,49.5
DP02,HC03_VC217,Percent; COMPUTERS AND INTERNET USE - Total households - With a computer,HHWithComputer,820.0,89.08853658536583,4.410140972706917,61.7,86.57499999999999,89.5,92.22500000000001,98.4
DP02,HC03_VC218,Percent; COMPUTERS AND INTERNET USE - Total households - With a broadband Internet subscription,HHWithBroadband,820.0,81.17426829268294,6.5531775197675595,40.3,77.6,81.8,85.6,96.0
DP03,HC03_VC05,Percent; EMPLOYMENT STATUS - Population 16 years and over - In labor force - Civilian labor force,LaborCivilian,812.0,61.874014778325126,6.233895820800197,23.1,58.2,62.5,66.125,77.1
DP03,HC03_VC08,Percent; EMPLOYMENT STATUS - Population 16 years and over - In labor force - Armed Forces,LaborArmedForces,812.0,0.5724137931034499,1.7085344881997806,0.0,0.0,0.1,0.2,19.3
DP03,HC03_VC12,Percent; EMPLOYMENT STATUS - Civilian labor force - Unemployment Rate,LaborUnempRate,812.0,5.784852216748762,2.065954332124546,1.7,4.3,5.5,6.9,16.1
DP03,HC03_VC50,"Percent; INDUSTRY - Civilian employed population 16 years and over - Agriculture, forestry, fishing and hunting, and mining",IndustryAgMining,819.0,1.8830280830280826,2.6005815811727726,0.0,0.6,1.1,2.2,25.6
DP03,HC03_VC51,Percent; INDUSTRY - Civilian employed population 16 years and over - Construction,IndustryConstruction,819.0,6.549450549450544,2.05622296364454,1.7,5.15,6.2,7.65,19.4
DP03,HC03_VC52,Percent; INDUSTRY - Civilian employed population 16 years and over - Manufacturing,IndustryManufacture,819.0,10.98131868131868,5.821867151890311,0.9,6.7,10.0,14.75,42.8
DP03,HC03_VC53,Percent; INDUSTRY - Civilian employed population 16 years and over - Wholesale trade,IndustryWholesale,819.0,2.535897435897436,0.9468804884431822,0.2,1.9,2.5,3.2,7.4
DP03,HC03_VC54,Percent; INDUSTRY - Civilian employed population 16 years and over - Retail trade,IndustryRetail,819.0,11.976556776556782,2.1554190222561216,3.6,10.7,11.8,13.149999999999999,21.8
DP03,HC03_VC55,"Percent; INDUSTRY - Civilian employed population 16 years and over - Transportation and warehousing, and utilities",IndustryTransport,819.0,5.071062271062272,1.7561920407212401,1.4,3.8,4.8,6.0,15.4
DP03,HC03_VC56,Percent; INDUSTRY - Civilian employed population 16 years and over - Information,IndustryInfo,819.0,1.734554334554332,0.8321123092897547,0.0,1.2,1.6,2.2,5.9
DP03,HC03_VC57,"Percent; INDUSTRY - Civilian employed population 16 years and over - Finance and insurance, and real estate and rental and leasing",IndustryFinance,819.0,5.92039072039072,2.210966630522263,1.5,4.3,5.7,6.9,20.4
DP03,HC03_VC58,"Percent; INDUSTRY - Civilian employed population 16 years and over - Professional, scientific, and management, and administrative and waste management services",IndustryProfessional,819.0,9.834432234432237,3.4678560647474477,1.8,7.5,9.3,11.4,30.1
DP03,HC03_VC59,"Percent; INDUSTRY - Civilian employed population 16 years and over - Educational services, and health care and social assistance",IndustryEduHealth,819.0,23.86593406593403,4.546134008799701,12.5,20.9,23.3,26.25,46.0
DP03,HC03_VC60,"Percent; INDUSTRY - Civilian employed population 16 years and over - Arts, entertainment, and recreation, and accommodation and food services",IndustryEnter,819.0,9.765079365079359,2.7852566065102775,4.5,8.1,9.3,10.95,29.5
DP03,HC03_VC61,"Percent; INDUSTRY - Civilian employed population 16 years and over - Other services, except public administration",IndustryOther,819.0,4.821367521367524,1.0307118082934654,2.2,4.1,4.8,5.4,10.5
DP03,HC03_VC62,Percent; INDUSTRY - Civilian employed population 16 years and over - Public administration,IndustryPubAdmin,819.0,5.06239316239316,2.9145956178182733,1.0,3.2,4.2,6.0,21.2
DP03,HC03_VC67,Percent; CLASS OF WORKER - Civilian employed population 16 years and over - Private wage and salary workers,PayrollPrivate,820.0,79.34487804878059,5.567789416266456,47.9,76.3,80.4,83.4,89.4
DP03,HC03_VC68,Percent; CLASS OF WORKER - Civilian employed population 16 years and over - Government workers,PayrollGovt,820.0,14.835121951219518,5.23838193378977,5.6,11.1,13.7,17.424999999999997,46.7
DP03,HC03_VC69,Percent; CLASS OF WORKER - Civilian employed population 16 years and over - Self-employed in own not incorporated business workers,PayrollSelfEmp,820.0,5.661463414634143,1.912091926634388,2.0,4.3,5.3,6.5,17.0
DP03,HC03_VC75,"Percent; INCOME AND BENEFITS (IN 2016 INFLATION-ADJUSTED DOLLARS) - Total households - Less than $10,000",IncomeUnder10k,820.0,6.604390243902434,2.755938021334709,0.8,4.574999999999999,6.3,8.0,21.6
DP03,HC03_VC76,"Percent; INCOME AND BENEFITS (IN 2016 INFLATION-ADJUSTED DOLLARS) - Total households - $10,000 to $14,999",Income10to14k,820.0,4.847073170731709,1.9057406290119492,0.1,3.5,4.8,6.0,11.6
DP03,HC03_VC77,"Percent; INCOME AND BENEFITS (IN 2016 INFLATION-ADJUSTED DOLLARS) - Total households - $15,000 to $24,999",Income15to24k,820.0,9.949024390243915,2.9547232979441844,1.9,7.8,9.9,12.1,20.6
DP03,HC03_VC78,"Percent; INCOME AND BENEFITS (IN 2016 INFLATION-ADJUSTED DOLLARS) - Total households - $25,000 to $34,999",Income25to34k,820.0,9.797195121951221,2.375424529574174,3.6,8.2,10.0,11.4,18.6
DP03,HC03_VC79,"Percent; INCOME AND BENEFITS (IN 2016 INFLATION-ADJUSTED DOLLARS) - Total households - $35,000 to $49,999",Income35to49k,820.0,13.527317073170753,2.5681880504962664,5.1,11.9,13.7,15.1,20.9
DP03,HC03_VC80,"Percent; INCOME AND BENEFITS (IN 2016 INFLATION-ADJUSTED DOLLARS) - Total households - $50,000 to $74,999",Income50to74k,820.0,18.296951219512195,2.4433564401429977,10.6,16.8,18.4,19.9,25.9
DP03,HC03_VC81,"Percent; INCOME AND BENEFITS (IN 2016 INFLATION-ADJUSTED DOLLARS) - Total households - $75,000 to $99,999",Income75to99k,820.0,12.654512195121956,2.1192683399122423,6.7,11.1,12.6,14.0,21.5
DP03,HC03_VC82,"Percent; INCOME AND BENEFITS (IN 2016 INFLATION-ADJUSTED DOLLARS) - Total households - $100,000 to $149,999",Income100to149k,820.0,13.844756097560982,4.024726300801188,4.8,10.8,13.3,16.7,27.8
DP03,HC03_VC83,"Percent; INCOME AND BENEFITS (IN 2016 INFLATION-ADJUSTED DOLLARS) - Total households - $150,000 to $199,999",Income150to199k,820.0,5.296829268292689,2.774080220490421,0.6,3.3,4.6,6.6,16.4
DP03,HC03_VC84,"Percent; INCOME AND BENEFITS (IN 2016 INFLATION-ADJUSTED DOLLARS) - Total households - $200,000 or more",Income200k,820.0,5.185121951219518,4.0364817560339254,0.3,2.6,3.9,6.3,25.9
DP03,HC01_VC85,Estimate; INCOME AND BENEFITS (IN 2016 INFLATION-ADJUSTED DOLLARS) - Total households - Median household income (dollars),IncomeMedianHH,820.0,58111.27926829268,15303.301587204076,31207.0,47351.5,54575.0,64911.0,134464.0
DP03,HC03_VC91,Percent; INCOME AND BENEFITS (IN 2016 INFLATION-ADJUSTED DOLLARS) - With Social Security,IncomeSocialSec,820.0,32.57463414634146,6.976551725656576,12.2,28.0,32.3,36.2,77.3
DP03,HC03_VC93,Percent; INCOME AND BENEFITS (IN 2016 INFLATION-ADJUSTED DOLLARS) - With retirement income,IncomeRetirement,820.0,20.538048780487795,4.883349007719509,7.9,17.3,20.3,23.7,55.1
DP03,HC03_VC97,Percent; INCOME AND BENEFITS (IN 2016 INFLATION-ADJUSTED DOLLARS) - With Supplemental Security Income,IncomeSSI,820.0,5.403414634146346,2.1178727892472478,0.9,3.9,5.0,6.6,16.4
DP03,HC03_VC99,Percent; INCOME AND BENEFITS (IN 2016 INFLATION-ADJUSTED DOLLARS) - With cash public assistance income,IncomePublicAssist,820.0,2.371219512195125,1.459983432963277,0.1,1.4,2.0,2.9,12.8
DP03,HC03_VC101,Percent; INCOME AND BENEFITS (IN 2016 INFLATION-ADJUSTED DOLLARS) - With Food Stamp/SNAP benefits in the past 12 months,IncomeSnap,820.0,12.255731707317082,5.14246405747165,1.6,8.6,11.8,15.8,35.7
DP03,HC01_VC118,Estimate; INCOME AND BENEFITS (IN 2016 INFLATION-ADJUSTED DOLLARS) - Per capita income (dollars),IncomePerCapita,820.0,29746.81951219512,7118.199328256136,13359.0,24962.25,28480.5,32908.5,68126.0
DP03,HC03_VC132,Percent; HEALTH INSURANCE COVERAGE - Civilian noninstitutionalized population - With health insurance coverage - With private health insurance,InsurancePrivate,820.0,69.74048780487806,8.987145602834207,27.8,64.2,70.2,76.2,91.9
DP03,HC03_VC133,Percent; HEALTH INSURANCE COVERAGE - Civilian noninstitutionalized population - With health insurance coverage - With public coverage,InsurancePublic,820.0,35.4668292682927,8.280967908078416,12.9,29.975,35.05,41.0,70.8
DP03,HC03_VC134,Percent; HEALTH INSURANCE COVERAGE - Civilian noninstitutionalized population - No health insurance coverage,InsuranceNone,820.0,8.04317073170733,4.034396032933115,1.4,4.9,7.2,10.5,28.4
DP03,HC03_VC161,Percent; PERCENTAGE OF FAMILIES AND PEOPLE WHOSE INCOME IN THE PAST 12 MONTHS IS BELOW THE POVERTY LEVEL - All families,IncomeBelowPoverty,820.0,9.626829268292672,4.470878468595335,1.7,6.3,8.9,11.9,30.9
DP05,HC01_VC03,Estimate; SEX AND AGE - Total population,PopTotal,820.0,334009.6,587654.988725742,62570.0,96416.75,158071.0,334162.25,10137915.0
DP05,HC03_VC04,Percent; SEX AND AGE - Total population - Male,PopMale,820.0,49.27963414634145,1.2403522138737113,44.8,48.5,49.2,49.8,58.9
DP05,HC03_VC08,Percent; SEX AND AGE - Under 5 years,AgeUnder5,820.0,5.960853658536587,1.019428724145524,1.7,5.3,5.9,6.6,10.0
DP05,HC03_VC09,Percent; SEX AND AGE - 5 to 9 years,Age5to9,820.0,6.290243902439021,1.0690803456110354,1.3,5.6,6.3,7.0,9.8
DP05,HC03_VC10,Percent; SEX AND AGE - 10 to 14 years,Age10to14,820.0,6.401707317073178,1.0566133436333043,2.7,5.7,6.3,7.0,10.3
DP05,HC03_VC11,Percent; SEX AND AGE - 15 to 19 years,Age15to19,820.0,6.88170731707317,1.29685710521651,3.1,6.2,6.7,7.3,17.2
DP05,HC03_VC12,Percent; SEX AND AGE - 20 to 24 years,Age20to24,820.0,7.168780487804876,2.609445784488138,2.9,5.8,6.4,7.3,24.9
DP05,HC03_VC13,Percent; SEX AND AGE - 25 to 34 years,Age25to34,820.0,13.021097560975608,2.239779394606084,4.9,11.6,12.7,14.2,24.6
DP05,HC03_VC14,Percent; SEX AND AGE - 35 to 44 years,Age35to44,820.0,12.161829268292673,1.3907136879241841,5.8,11.3,12.1,13.0,19.1
DP05,HC03_VC15,Percent; SEX AND AGE - 45 to 54 years,Age45to54,820.0,13.159390243902427,1.511186490618716,5.9,12.2,13.3,14.2,17.6
DP05,HC03_VC16,Percent; SEX AND AGE - 55 to 59 years,Age55to59,820.0,6.849999999999994,0.9713037699046653,3.5,6.2,6.9,7.5,10.0
DP05,HC03_VC17,Percent; SEX AND AGE - 60 to 64 years,Age60to64,820.0,6.262195121951215,1.0266343465611583,3.1,5.6,6.2,6.9,10.2
DP05,HC03_VC18,Percent; SEX AND AGE - 65 to 74 years,Age65to74,820.0,9.302926829268287,2.331802997794783,4.4,7.9,9.1,10.3,34.7
DP05,HC03_VC19,Percent; SEX AND AGE - 75 to 84 years,Age75to84,820.0,4.572195121951218,1.409113044138242,2.0,3.7,4.4,5.1,18.0
DP05,HC03_VC20,Percent; SEX AND AGE - 85 years and over,Age85Plus,820.0,1.9654878048780502,0.6965932317344372,0.4,1.5,1.9,2.4,5.6
DP05,HC01_VC23,Estimate; SEX AND AGE - Median age (years),AgeMedian,820.0,38.662682926829234,4.717491171358444,24.6,35.9,38.4,41.3,67.3
DP05,HC03_VC49,Percent; RACE - One race - White,RaceWhite,779.0,78.20256739409503,15.125028834883455,13.8,70.95,82.1,89.4,96.8
DP05,HC03_VC50,Percent; RACE - One race - Black or African American,RaceBlack,779.0,11.028626444159194,12.479316132879164,0.0,2.5,6.6,14.350000000000001,72.5
DP05,HC03_VC51,Percent; RACE - One race - American Indian and Alaska Native,RaceNative,779.0,1.0916559691912742,4.838119278602395,0.0,0.2,0.3,0.6,78.2
DP05,HC03_VC56,Percent; RACE - One race - Asian,RaceAsian,779.0,3.3623876765083414,4.423100140990003,0.0,1.1,2.0,4.0,42.4
DP05,HC03_VC64,Percent; RACE - One race - Native Hawaiian and Other Pacific Islander,RacePacific,779.0,0.1622593068035935,0.7989633576155947,0.0,0.0,0.0,0.1,13.6
DP05,HC03_VC69,Percent; RACE - One race - Some other race,RaceOther,779.0,3.086136071887033,4.332962419465972,0.0,0.8,1.6,3.4,38.0
DP05,HC03_VC70,Percent; RACE - Two or more races,RaceMixed,779.0,3.0614890885750956,2.1584843870581603,0.4,1.95,2.7,3.6,27.8
DP05,HC03_VC88,Percent; HISPANIC OR LATINO AND RACE - Total population - Hispanic or Latino (of any race),PopHispanic,820.0,11.725121951219506,13.458110403706215,0.4,3.9,6.8,13.625,95.5
