File,Variable,LongDescription,ShortDescription,count,mean,std,min,_25_,_50_,_75_,max
DP02,HC03_VC218,Percent; COMPUTERS AND INTERNET USE - Total households - With a broadband Internet subscription,HHWithBroadband,0.0,,,,,,,
DP02,HC03_VC217,Percent; COMPUTERS AND INTERNET USE - Total households - With a computer,HHWithComputer,0.0,,,,,,,
DP02,HC03_VC79,Percent; SCHOOL ENROLLMENT - Population 3 years and over enrolled in school - Elementary school (grades 1-8),EnrollmentElem,3142.0,44.14952259707191,6.838135715130774,0.0,41.2,44.8,48.0,100.0
DP02,HC03_VC136,Percent; PLACE OF BIRTH - Total population - Foreign born,BornAbroad,3142.0,4.648058561425842,5.684145837251905,0.0,1.3,2.7,5.6,52.2
DP02,HC03_VC17,Percent; HOUSEHOLDS BY TYPE - Households with one or more people under 18 years,HHWithUnder18,3142.0,29.960884786760012,5.825768125895443,0.0,26.5,29.7,32.9,70.1
DP02,HC03_VC78,Percent; SCHOOL ENROLLMENT - Population 3 years and over enrolled in school - Kindergarten,EnrollmentK,3142.0,5.542297899427118,1.805604191860742,0.0,4.6,5.4,6.4,21.7
DP02,HC03_VC180,Percent; LANGUAGE SPOKEN AT HOME - Population 5 years and over - Other languages,LanguageOther,3142.0,0.5785168682367885,2.6321307016857305,0.0,0.0,0.1,0.4,61.9
DP02,HC03_VC92,Percent; EDUCATIONAL ATTAINMENT - Population 25 years and over - Graduate or professional degree,EduGraduate,3142.0,7.219987269255258,4.186466605899116,0.0,4.6,5.9,8.6,42.8
DP02,HC03_VC81,Percent; SCHOOL ENROLLMENT - Population 3 years and over enrolled in school - College or graduate school,EnrollmentCollege,3142.0,21.133640992998156,10.353261649832314,0.0,14.8,18.9,24.6,100.0
DP02,HC03_VC121,Percent; RESIDENCE 1 YEAR AGO - Population 1 year and over - Different house in the U.S.,ResidenceDiffUS,3142.0,13.18004455760662,4.19221997364995,0.0,10.5,12.7,15.4,45.1
DP02,HC03_VC86,Percent; EDUCATIONAL ATTAINMENT - Population 25 years and over - Less than 9th grade,EduElem,3142.0,5.449872692552502,3.738820114868559,0.0,3.0,4.5,6.8,34.6
DP02,HC03_VC77,"Percent; SCHOOL ENROLLMENT - Population 3 years and over enrolled in school - Nursery school, preschool",EnrollmentPreK,3142.0,6.175747931253996,2.0767333463948803,0.0,5.0,6.0,7.3,19.0
DP02,HC03_VC126,Percent; RESIDENCE 1 YEAR AGO - Population 1 year and over - Abroad,ResidenceDiffAbroad,3142.0,0.3325588796944659,0.48879166928151685,0.0,0.1,0.2,0.4,10.8
DP02,HC03_VC174,Percent; LANGUAGE SPOKEN AT HOME - Population 5 years and over - Spanish,LanguageSpanish,3142.0,6.419414385741576,10.524276081968631,0.0,1.2,2.5,6.3,96.0
DP02,HC03_VC80,Percent; SCHOOL ENROLLMENT - Population 3 years and over enrolled in school - High school (grades 9-12),EnrollmentHS,3142.0,23.000190961171224,4.418820991068292,0.0,21.0,23.1,25.1,60.5
DP02,HC03_VC178,Percent; LANGUAGE SPOKEN AT HOME - Population 5 years and over - Asian and Pacific Islander languages,LanguageAsian,3142.0,0.8718332272437896,1.9040914442713535,0.0,0.1,0.4,0.875,36.9
DP03,HC03_VC75,"Percent; INCOME AND BENEFITS (IN 2016 INFLATION-ADJUSTED DOLLARS) - Total households - Less than $10,000",IncomeUnder10k,3142.0,8.04169318905157,3.6905438674594118,0.0,5.5,7.3,9.8,28.9
DP03,HC03_VC57,"Percent; INDUSTRY - Civilian employed population 16 years and over - Finance and insurance, and real estate and rental and leasing",IndustryFinance,3142.0,4.571992361553157,1.8801358889139081,0.0,3.4,4.3,5.4,20.6
DP03,HC03_VC69,Percent; CLASS OF WORKER - Civilian employed population 16 years and over - Self-employed in own not incorporated business workers,PayrollSelfEmp,3142.0,7.8138128580521995,3.842264025762379,0.0,5.3,6.8,9.2,37.7
DP03,HC03_VC52,Percent; INDUSTRY - Civilian employed population 16 years and over - Manufacturing,IndustryManufacture,3142.0,12.261553150859346,7.189207917492514,0.0,6.7,11.4,16.7,61.4
DP03,HC03_VC50,"Percent; INDUSTRY - Civilian employed population 16 years and over - Agriculture, forestry, fishing and hunting, and mining",IndustryAgMining,3142.0,6.905378739656269,7.437223619103705,0.0,1.9,4.3,9.2,59.3
DP03,HC03_VC83,"Percent; INCOME AND BENEFITS (IN 2016 INFLATION-ADJUSTED DOLLARS) - Total households - $150,000 to $199,999",Income150to199k,3142.0,3.2947485677912125,2.187887654384996,0.0,1.9,2.7,4.0,16.3
DP03,HC03_VC12,Percent; EMPLOYMENT STATUS - Civilian labor force - Unemployment Rate,LaborUnempRate,3142.0,7.089974538510504,3.2978722264351,0.0,4.925000000000001,6.8,8.8,29.9
DP03,HC03_VC60,"Percent; INDUSTRY - Civilian employed population 16 years and over - Arts, entertainment, and recreation, and accommodation and food services",IndustryEnter,3142.0,8.264131126670906,3.6575369353722307,0.0,6.0,7.8,9.7,46.3
DP03,HC03_VC56,Percent; INDUSTRY - Civilian employed population 16 years and over - Information,IndustryInfo,3142.0,1.4084659452577968,0.8215140443169056,0.0,0.9,1.3,1.8,15.8
DP03,HC03_VC78,"Percent; INCOME AND BENEFITS (IN 2016 INFLATION-ADJUSTED DOLLARS) - Total households - $25,000 to $34,999",Income25to34k,3142.0,11.470973901973268,2.436012891848445,0.0,10.0,11.6,12.9,24.0
DP03,HC03_VC53,Percent; INDUSTRY - Civilian employed population 16 years and over - Wholesale trade,IndustryWholesale,3142.0,2.381285805219599,1.2024541927873833,0.0,1.7,2.3,3.0,20.5
DP03,HC03_VC97,Percent; INCOME AND BENEFITS (IN 2016 INFLATION-ADJUSTED DOLLARS) - With Supplemental Security Income,IncomeSSI,3142.0,6.006460852959897,2.905598392750965,0.0,4.1,5.5,7.4,25.3
DP03,HC03_VC84,"Percent; INCOME AND BENEFITS (IN 2016 INFLATION-ADJUSTED DOLLARS) - Total households - $200,000 or more",Income200k,3142.0,2.850127307447482,2.559387894743275,0.0,1.4,2.2,3.4,25.3
DP03,HC03_VC58,"Percent; INDUSTRY - Civilian employed population 16 years and over - Professional, scientific, and management, and administrative and waste management services",IndustryProfessional,3142.0,6.779471674092944,3.277047513915849,0.0,4.6,6.2,8.3,57.4
DP03,HC03_VC161,Percent; PERCENTAGE OF FAMILIES AND PEOPLE WHOSE INCOME IN THE PAST 12 MONTHS IS BELOW THE POVERTY LEVEL - All families,IncomeBelowPoverty,3142.0,11.95496499045193,5.764368632609879,0.0,7.8,11.0,14.8,49.4
DP03,HC03_VC76,"Percent; INCOME AND BENEFITS (IN 2016 INFLATION-ADJUSTED DOLLARS) - Total households - $10,000 to $14,999",Income10to14k,3142.0,6.35897517504773,2.3910944491543407,0.0,4.7,6.1,7.7,25.1
DP03,HC03_VC101,Percent; INCOME AND BENEFITS (IN 2016 INFLATION-ADJUSTED DOLLARS) - With Food Stamp/SNAP benefits in the past 12 months,IncomeSnap,3142.0,14.094271164863125,6.6758002590941175,0.0,9.3,13.3,17.9,56.7
DP03,HC03_VC99,Percent; INCOME AND BENEFITS (IN 2016 INFLATION-ADJUSTED DOLLARS) - With cash public assistance income,IncomePublicAssist,3142.0,2.475907065563336,1.7785114241915907,0.0,1.5,2.2,3.0,30.7
DP03,HC03_VC08,Percent; EMPLOYMENT STATUS - Population 16 years and over - In labor force - Armed Forces,LaborArmedForces,3142.0,0.27915340547422485,1.5085118304845915,0.0,0.0,0.0,0.1,48.9
DP03,HC03_VC61,"Percent; INDUSTRY - Civilian employed population 16 years and over - Other services, except public administration",IndustryOther,3142.0,4.682463399108833,1.2491555547255058,0.0,4.0,4.7,5.3,13.2
DP03,HC03_VC51,Percent; INDUSTRY - Civilian employed population 16 years and over - Construction,IndustryConstruction,3142.0,7.1561107574793,2.303327166816429,0.0,5.6,6.9,8.4,22.5
DP03,HC03_VC62,Percent; INDUSTRY - Civilian employed population 16 years and over - Public administration,IndustryPubAdmin,3142.0,5.642043284532139,3.245206397092564,0.0,3.6,4.8,6.7,34.0
DP03,HC03_VC55,"Percent; INDUSTRY - Civilian employed population 16 years and over - Transportation and warehousing, and utilities",IndustryTransport,3142.0,5.454137492043285,2.0330883730350617,0.0,4.1,5.1,6.4,22.5
DP05,HC03_VC70,Percent; RACE - Two or more races,RaceMixed,3142.0,2.264894971355824,1.9470447091527792,0.0,1.2,1.8,2.7,28.2
DP05,HC03_VC13,Percent; SEX AND AGE - 25 to 34 years,Age25to34,3142.0,11.655633354551263,2.25865735415913,0.0,10.3,11.4,12.7,26.8
DP05,HC03_VC19,Percent; SEX AND AGE - 75 to 84 years,Age75to84,3142.0,5.378803309993638,1.6574653649444144,0.0,4.3,5.2,6.2,15.8
DP05,HC03_VC51,Percent; RACE - One race - American Indian and Alaska Native,RaceNative,3142.0,1.9194780394653104,7.587550921454673,0.0,0.2,0.3,0.8,93.0
DP05,HC03_VC08,Percent; SEX AND AGE - Under 5 years,AgeUnder5,3142.0,5.885741565881618,1.2343153144539456,0.0,5.125,5.8,6.5,19.2
DP05,HC03_VC69,Percent; RACE - One race - Some other race,RaceOther,3142.0,2.020305537873969,3.760310859597025,0.0,0.3,0.8,2.2,52.1
DP05,HC03_VC20,Percent; SEX AND AGE - 85 years and over,Age85Plus,3142.0,2.228325907065561,0.9417614745946148,0.0,1.6,2.1,2.7,8.7
DP05,HC03_VC50,Percent; RACE - One race - Black or African American,RaceBlack,3142.0,9.016263526416278,14.512623131618765,0.0,0.6,2.2,10.275,86.2
DP05,HC03_VC88,Percent; HISPANIC OR LATINO AND RACE - Total population - Hispanic or Latino (of any race),PopHispanic,3142.0,8.94672183322724,13.598814502927494,0.0,1.9,3.8,9.1,99.0
DP05,HC03_VC10,Percent; SEX AND AGE - 10 to 14 years,Age10to14,3142.0,6.449331635900699,1.1583196554524045,0.0,5.8,6.4,7.1,12.5
DP05,HC03_VC56,Percent; RACE - One race - Asian,RaceAsian,3142.0,1.3028644175684232,2.718441637190547,0.0,0.3,0.6,1.2,42.9
DP05,HC03_VC11,Percent; SEX AND AGE - 15 to 19 years,Age15to19,3142.0,6.553437301082116,1.3781921213848967,0.0,5.9,6.4,7.0,25.9
DP05,HC03_VC09,Percent; SEX AND AGE - 5 to 9 years,Age5to9,3142.0,6.3030235518777875,1.2513146574455047,0.0,5.5,6.3,7.0,13.6
DP05,HC03_VC64,Percent; RACE - One race - Native Hawaiian and Other Pacific Islander,RacePacific,3142.0,0.09042011457670236,0.7014429221381441,0.0,0.0,0.0,0.1,30.8
DP05,HC03_VC18,Percent; SEX AND AGE - 65 to 74 years,Age65to74,3142.0,9.956206238064949,2.5256401799313792,3.0,8.4,9.7,11.1,33.6
DP02,HC03_VC88,Percent; EDUCATIONAL ATTAINMENT - Population 25 years and over - High school graduate (includes equivalency),EduHS,3142.0,34.581444939529,7.076831911335563,6.5,30.125000000000004,34.9,39.6,54.6
DP03,HC03_VC05,Percent; EMPLOYMENT STATUS - Population 16 years and over - In labor force - Civilian labor force,LaborCivilian,3142.0,58.53720560152764,7.918878355215845,14.5,53.5,59.1,64.3,86.3
DP05,HC01_VC03,Estimate; SEX AND AGE - Total population,PopTotal,3142.0,101387.06619987269,325201.74062176317,76.0,10996.5,25737.5,67583.25,1.0057155E7
DP03,HC01_VC118,Estimate; INCOME AND BENEFITS (IN 2016 INFLATION-ADJUSTED DOLLARS) - Per capita income (dollars),IncomePerCapita,3142.0,25024.116486314448,6000.959254088862,9286.0,21036.0,24253.5,27986.25,66522.0
DP05,HC01_VC23,Estimate; SEX AND AGE - Median age (years),AgeMedian,3142.0,41.02189688096748,5.355325761011658,21.5,37.8,41.0,44.1,66.0
DP02,HC01_VC03,Estimate; HOUSEHOLDS BY TYPE - Total households,TotalHH,3142.0,37465.38415022279,113832.96599316128,37.0,4220.25,9830.5,25655.0,3281845.0
DP03,HC01_VC85,Estimate; INCOME AND BENEFITS (IN 2016 INFLATION-ADJUSTED DOLLARS) - Total households - Median household income (dollars),IncomeMedianHH,3142.0,47973.225970719286,12605.980021620508,18972.0,39756.75,46342.5,53886.5,125672.0
DP05,HC03_VC04,Percent; SEX AND AGE - Total population - Male,PopMale,3142.0,50.06028007638447,2.3800242490673575,41.5,48.9,49.6,50.6,78.5
DP02,HC03_VC171,Percent; LANGUAGE SPOKEN AT HOME - Population 5 years and over - English only,LanguageEnglishOnly,3142.0,90.60006365372371,11.706336974905147,3.9,89.3,95.0,97.2,100.0
DP05,HC03_VC49,Percent; RACE - One race - White,RaceWhite,3142.0,83.38220878421392,16.778698494463526,3.9,76.9,89.9,95.4,100.0
DP02,HC03_VC90,Percent; EDUCATIONAL ATTAINMENT - Population 25 years and over - Associate's degree,EduAssociate,3142.0,8.511680458306804,2.557328758909604,0.6,6.8,8.3,10.1,19.5
DP03,HC03_VC54,Percent; INDUSTRY - Civilian employed population 16 years and over - Retail trade,IndustryRetail,3142.0,11.398376830044535,2.4025165704580385,1.2,10.1,11.5,12.8,30.9
DP02,HC01_VC21,Estimate; HOUSEHOLDS BY TYPE - Average household size,AvgHHSize,3142.0,2.530280076384468,0.26440224915415916,1.45,2.37,2.5,2.64,4.76
DP02,HC03_VC91,Percent; EDUCATIONAL ATTAINMENT - Population 25 years and over - Bachelor's degree,EduBachelors,3142.0,13.575811584977757,5.524787755692534,1.7,9.6,12.6,16.5,43.0
DP05,HC03_VC14,Percent; SEX AND AGE - 35 to 44 years,Age35to44,3142.0,11.663558243157231,1.5904439858792718,3.3,10.8,11.7,12.5,20.8
DP03,HC03_VC93,Percent; INCOME AND BENEFITS (IN 2016 INFLATION-ADJUSTED DOLLARS) - With retirement income,IncomeRetirement,3142.0,19.8579567154678,5.1001368998022985,4.6,16.4,19.7,23.1,51.7
DP03,HC03_VC68,Percent; CLASS OF WORKER - Civilian employed population 16 years and over - Government workers,PayrollGovt,3142.0,17.06295353278169,6.340945703915043,5.6,12.8,15.7,19.9,65.4
DP03,HC03_VC80,"Percent; INCOME AND BENEFITS (IN 2016 INFLATION-ADJUSTED DOLLARS) - Total households - $50,000 to $74,999",Income50to74k,3142.0,18.54127943984719,2.797430033155757,6.6,16.8,18.6,20.3,30.9
DP02,HC03_VC132,Percent; PLACE OF BIRTH - Total population - Native - Born in United States,BornNativeUS,3142.0,94.57485677912148,6.096798855399959,44.8,93.3,96.7,98.3,100.0
DP02,HC03_VC87,"Percent; EDUCATIONAL ATTAINMENT - Population 25 years and over - 9th to 12th grade, no diploma",EduPartialHS,3142.0,8.74086569064289,3.655946508464576,0.7,6.0,8.2,11.2,25.9
DP05,HC03_VC17,Percent; SEX AND AGE - 60 to 64 years,Age60to64,3142.0,6.667218332272443,1.351007911767392,1.4,5.8,6.5,7.4,15.1
DP03,HC03_VC132,Percent; HEALTH INSURANCE COVERAGE - Civilian noninstitutionalized population - With health insurance coverage - With private health insurance,InsurancePrivate,3142.0,64.72877148313172,10.72249328114759,16.1,57.8,65.6,72.5,92.9
DP03,HC03_VC79,"Percent; INCOME AND BENEFITS (IN 2016 INFLATION-ADJUSTED DOLLARS) - Total households - $35,000 to $49,999",Income35to49k,3142.0,14.672024188415039,2.452903789983782,2.7,13.3,14.7,16.1,33.7
DP02,HC03_VC89,"Percent; EDUCATIONAL ATTAINMENT - Population 25 years and over - Some college, no degree",EduSomeCollege,3142.0,21.920846594525795,3.819328870041047,8.3,19.4,21.8,24.4,36.3
DP03,HC03_VC91,Percent; INCOME AND BENEFITS (IN 2016 INFLATION-ADJUSTED DOLLARS) - With Social Security,IncomeSocialSec,3142.0,36.204583068109336,7.276709279049916,10.8,31.8,36.3,40.7,76.8
DP03,HC03_VC133,Percent; HEALTH INSURANCE COVERAGE - Civilian noninstitutionalized population - With health insurance coverage - With public coverage,InsurancePublic,3142.0,37.12380649267979,8.207860732337501,10.8,31.3,37.2,42.6,66.3
DP02,HC03_VC18,Percent; HOUSEHOLDS BY TYPE - Households with one or more people 65 years and over,HHWith65Plus,3142.0,31.300636537237462,5.96580510411211,11.8,27.9,31.2,34.4,73.6
DP02,HC03_VC04,Percent; HOUSEHOLDS BY TYPE - Total households - Family households (families),FamilyHH,3142.0,66.92457033736456,5.392006038691422,23.6,63.9,67.0,70.3,89.1
DP05,HC03_VC12,Percent; SEX AND AGE - 20 to 24 years,Age20to24,3142.0,6.404137492043278,2.479085789622724,0.4,5.2,5.9,6.8,32.5
DP03,HC03_VC134,Percent; HEALTH INSURANCE COVERAGE - Civilian noninstitutionalized population - No health insurance coverage,InsuranceNone,3142.0,12.273233609166125,5.252275592590245,2.1,8.4,11.6,15.1,52.0
DP03,HC03_VC59,"Percent; INDUSTRY - Civilian employed population 16 years and over - Educational services, and health care and social assistance",IndustryEduHealth,3142.0,23.09398472310633,4.633905893562548,2.6,20.2,22.8,25.7,45.5
DP05,HC03_VC15,Percent; SEX AND AGE - 45 to 54 years,Age45to54,3142.0,13.55623806492679,1.525501439882692,2.6,12.8,13.7,14.4,24.8
DP02,HC03_VC106,Percent; DISABILITY STATUS OF THE CIVILIAN NONINSTITUTIONALIZED POPULATION - Total Civilian Noninstitutionalized Population - With a disability,PopDisabledStatus,3142.0,15.828103119032514,4.420182089977845,4.7,12.8,15.3,18.5,36.9
DP03,HC03_VC67,Percent; CLASS OF WORKER - Civilian employed population 16 years and over - Private wage and salary workers,PayrollPrivate,3142.0,74.83602800763843,7.63423107606408,27.8,71.4,76.3,80.1,88.5
DP02,HC03_VC101,Percent; VETERAN STATUS - Civilian population 18 years and over - Civilian veterans,PopVetStatus,3142.0,9.489051559516206,2.6383780927098877,0.9,7.9,9.3,10.7,26.4
DP03,HC03_VC81,"Percent; INCOME AND BENEFITS (IN 2016 INFLATION-ADJUSTED DOLLARS) - Total households - $75,000 to $99,999",Income75to99k,3142.0,11.686537237428364,2.718535696660185,1.3,9.9,11.9,13.5,32.4
DP03,HC03_VC82,"Percent; INCOME AND BENEFITS (IN 2016 INFLATION-ADJUSTED DOLLARS) - Total households - $100,000 to $149,999",Income100to149k,3142.0,10.784182049649921,4.023947886041643,1.3,8.0,10.2,13.0,27.8
DP03,HC03_VC77,"Percent; INCOME AND BENEFITS (IN 2016 INFLATION-ADJUSTED DOLLARS) - Total households - $15,000 to $24,999",Income15to24k,3142.0,12.300350095480594,3.3276412534482676,1.3,10.1,12.3,14.5,35.9
DP05,HC03_VC16,Percent; SEX AND AGE - 55 to 59 years,Age55to59,3142.0,7.299108847867583,1.2949584489546193,1.8,6.6,7.3,7.9,31.6
